{"microros": { "30": [], "uxr_deserialize_OBJK_RepresentationBinAndXMLFormats": {"hits": 2, "total": 21238, "max": 10857, "min": 10381, "avg": 10619, "deltas": [10857, 10381]}, "uxr_create_output_best_effort_stream": {"hits": 1, "total": 10286, "max": 10286, "min": 10286, "avg": 10286, "deltas": [10286]}, "uxr_epoch_millis": {"hits": 1, "total": 245429, "max": 245429, "min": 245429, "avg": 245429, "deltas": [245429]}, "uxr_serialize_OBJK_Representation3Formats": {"hits": 3, "total": 31999, "max": 10952, "min": 10190, "avg": 10666.333333333334, "deltas": [10952, 10857, 10190]}, "uxr_sync_session": {"hits": 2, "total": 161047, "max": 82190, "min": 78857, "avg": 80523.5, "deltas": [82190, 78857]}, "uxr_deserialize_OBJK_RepresentationRefAndXMLFormats": {"hits": 3, "total": 42477, "max": 14477, "min": 14000, "avg": 14159, "deltas": [14477, 14000, 14000]}, "uxr_serialize_OBJK_Publisher_Binary": {"hits": 2, "total": 70286, "max": 35143, "min": 35143, "avg": 35143, "deltas": [35143, 35143]}, "uxr_serialize_StringSequence_t": {"hits": 3, "total": 31904, "max": 10857, "min": 10190, "avg": 10634.666666666666, "deltas": [10857, 10857, 10190]}, "uxr_deserialize_OBJK_DataReader_Binary_Qos": {"hits": 1, "total": 88381, "max": 88381, "min": 88381, "avg": 88381, "deltas": [88381]}, "ucdr_deserialize_sequence_char": {"hits": 17, "total": 234382, "max": 13905, "min": 13714, "avg": 13787.176470588236, "deltas": [13810, 13715, 13809, 13714, 13809, 13714, 13809, 13809, 13714, 13810, 13809, 13810, 13905, 13810, 13810, 13810, 13715]}, "uxr_create_input_reliable_stream": {"hits": 1, "total": 10191, "max": 10191, "min": 10191, "avg": 10191, "deltas": [10191]}, "build_datareader_profile": {"hits": 1, "total": 1049665810, "max": 1049665810, "min": 1049665810, "avg": 1049665810, "deltas": [1049665810]}, "uxr_serialize_OBJK_DataReader_Binary_Qos": {"hits": 1, "total": 24095, "max": 24095, "min": 24095, "avg": 24095, "deltas": [24095]}, "modifyreg16": {"hits": 0, "total": 0, "max": 0, "min": 0, "avg": 0, "deltas": []}, "uxr_serialize_OBJK_RepresentationRefAndXMLFormats": {"hits": 1, "total": 19810, "max": 19810, "min": 19810, "avg": 19810, "deltas": [19810]}, "uxr_flash_output_streams": {"hits": 1, "total": 225809, "max": 225809, "min": 225809, "avg": 225809, "deltas": [225809]}, "ucdr_deserialize_sequence_header": {"hits": 16, "total": 565901, "max": 35619, "min": 35238, "avg": 35368.8125, "deltas": [35238, 35619, 35619, 35238, 35333, 35238, 35428, 35333, 35333, 35428, 35333, 35428, 35333, 35333, 35429, 35238]}, "ucdr_deserialize_endian_sequence_bool": {"hits": 0, "total": 0, "max": 0, "min": 0, "avg": 0, "deltas": []}, "put_memory": {"hits": 0, "total": 0, "max": 0, "min": 0, "avg": 0, "deltas": []}, "rcl_wait_set_resize": {"hits": 21, "total": 696000, "max": 33429, "min": 32952, "avg": 33142.857142857145, "deltas": [33143, 33048, 33047, 33143, 33048, 33048, 33238, 33238, 33142, 33143, 33143, 33143, 33048, 33238, 33142, 33429, 33143, 33143, 32952, 33238, 33143]}, "ucdr_array_to_buffer": {"hits": 0, "total": 0, "max": 0, "min": 0, "avg": 0, "deltas": []}, "rcl_wait_set_init": {"hits": 42, "total": 456473, "max": 10953, "min": 10761, "avg": 10868.404761904761, "deltas": [10761, 10857, 10857, 10857, 10857, 10857, 10857, 10857, 10857, 10761, 10857, 10857, 10857, 10857, 10762, 10857, 10953, 10857, 10953, 10857, 10857, 10857, 10952, 10953, 10857, 10857, 10857, 10857, 10952, 10952, 10953, 10952, 10857, 10857, 10858, 10858, 10952, 10857, 10857, 10857, 10857, 10762]}, "uxr_get_first_unacked": {"hits": 21, "total": 3520377, "max": 168000, "min": 167142, "avg": 167637, "deltas": [167619, 167333, 167333, 167429, 167428, 167142, 167904, 168000, 167905, 167714, 167810, 167809, 167809, 167904, 167715, 167619, 167715, 167428, 167428, 167619, 167714]}, "exact_match_lookup": {"hits": 82, "total": 2738002, "max": 33714, "min": 33238, "avg": 33390.26829268293, "deltas": [33429, 33429, 33333, 33429, 33429, 33333, 33334, 33238, 33333, 33238, 33334, 33333, 33238, 33428, 33238, 33429, 33333, 33238, 33429, 33333, 33334, 33238, 33238, 33239, 33428, 33428, 33524, 33429, 33428, 33524, 33428, 33524, 33714, 33333, 33428, 33428, 33429, 33428, 33238, 33428, 33428, 33619, 33428, 33238, 33429, 33714, 33334, 33428, 33429, 33524, 33429, 33428, 33429, 33428, 33429, 33524, 33334, 33334, 33428, 33334, 33429, 33429, 33333, 33429, 33429, 33429, 33333, 33429, 33334, 33428, 33429, 33333, 33333, 33333, 33429, 33238, 33333, 33334, 33333, 33429, 33429, 33333]}, "rcl_send_response": {"hits": 31, "total": -52500146187, "max": 56000, "min": -3696703715, "avg": -1693553102.8064516, "deltas": [56000, -278190, -299970000, -100788953, -400098762, -601056571, -901065809, -900144762, -1202157905, -1201102762, -1498056857, -1298949619, -1399742761, -1201611809, -1499233143, -1501156285, -1796572571, -1598410190, -1897083904, -1701280572, -2003916285, -2200602666, -2300855333, -2498553619, -2799556476, -3000046667, -3101316952, -3101443810, -3401805715, -3396639524, -3696703715]}, "ucdr_serialize_array_uint16_t": {"hits": 0, "total": 0, "max": 0, "min": 0, "avg": 0, "deltas": []}, "ucdr_buffer_to_array": {"hits": 0, "total": 0, "max": 0, "min": 0, "avg": 0, "deltas": []}, "??": {"hits": 2, "total": 21905, "max": 10953, "min": 10952, "avg": 10952.5, "deltas": [10952, 10953]}, "ucdr_deserialize_array_int8_t": {"hits": 0, "total": 0, "max": 0, "min": 0, "avg": 0, "deltas": []}, "uxr_deserialize_OBJK_Publisher_Binary_Qos": {"hits": 32, "total": 433616, "max": 13619, "min": 13523, "avg": 13550.5, "deltas": [13524, 13524, 13619, 13523, 13524, 13524, 13523, 13619, 13523, 13524, 13524, 13524, 13619, 13523, 13524, 13619, 13619, 13523, 13524, 13524, 13524, 13619, 13619, 13524, 13523, 13524, 13619, 13524, 13524, 13523, 13524, 13619]}, "uxr_deserialize_TransportLocatorSeq": {"hits": 0, "total": 0, "max": 0, "min": 0, "avg": 0, "deltas": []}, "uxr_deserialize_XrceVersion": {"hits": 0, "total": 0, "max": 0, "min": 0, "avg": 0, "deltas": []}, "uxr_compute_acknack": {"hits": 0, "total": 0, "max": 0, "min": 0, "avg": 0, "deltas": []}}}
