{"microros": { "30": [], "uxr_buffer_create_replier_bin": {"hits": 1, "total": 11143, "max": 11143, "min": 11143, "avg": 11143, "deltas": [11143]}, "rmw_create_publisher": {"hits": 1, "total": 11047, "max": 11047, "min": 11047, "avg": 11047, "deltas": [11047]}, "rmw_create_service": {"hits": 1, "total": 84572, "max": 84572, "min": 84572, "avg": 84572, "deltas": [84572]}, "uxr_object_id": {"hits": 2, "total": 22381, "max": 11238, "min": 11143, "avg": 11190.5, "deltas": [11238, 11143]}, "read_format_data": {"hits": 2, "total": 29143, "max": 14572, "min": 14571, "avg": 14571.5, "deltas": [14571, 14572]}, "uxr_set_reply_callback": {"hits": 1, "total": 35905, "max": 35905, "min": 35905, "avg": 35905, "deltas": [35905]}, "listen_message": {"hits": 2, "total": 21999, "max": 11047, "min": 10952, "avg": 10999.5, "deltas": [11047, 10952]}, "uxr_run_session_until_data": {"hits": 1, "total": 123524, "max": 123524, "min": 123524, "avg": 123524, "deltas": [123524]}, "rcl_ros_clock_fini": {"hits": 6, "total": 83524, "max": 14000, "min": 13809, "avg": 13920.666666666666, "deltas": [13905, 13905, 14000, 14000, 13905, 13809]}, "rmw_destroy_publisher": {"hits": 1, "total": 11143, "max": 11143, "min": 11143, "avg": 11143, "deltas": [11143]}, "uxr_run_session_time": {"hits": 1, "total": 20667, "max": 20667, "min": 20667, "avg": 20667, "deltas": [20667]}, "rcl_clock_add_jump_callback": {"hits": 2, "total": 60571, "max": 30571, "min": 30000, "avg": 30285.5, "deltas": [30000, 30571]}, "rcl_clock_fini": {"hits": 0, "total": 0, "max": 0, "min": 0, "avg": 0, "deltas": []}, "uxr_serialize_CREATE_Payload": {"hits": 0, "total": 0, "max": 0, "min": 0, "avg": 0, "deltas": []}, "rcl_context_get_domain_id": {"hits": 0, "total": 0, "max": 0, "min": 0, "avg": 0, "deltas": []}, "uxr_serialize_ObjectVariant": {"hits": 2, "total": 149904, "max": 75238, "min": 74666, "avg": 74952, "deltas": [74666, 75238]}, "rcl_clock_get_now": {"hits": 2, "total": 105143, "max": 52762, "min": 52381, "avg": 52571.5, "deltas": [52381, 52762]}, "uxr_deserialize_OBJK_Representation3Formats": {"hits": 6, "total": -613873618, "max": 79048, "min": -609735714, "avg": -102312269.66666667, "deltas": [78953, 79048, 78952, 78952, -4453809, -609735714]}, "uxr_deserialize_XrceCookie": {"hits": 6, "total": -614008763, "max": 56476, "min": -609758286, "avg": -102334793.83333333, "deltas": [56476, 56476, 56381, 56476, -4476286, -609758286]}, "uxr_deserialize_OBJK_RepresentationRefAndXMLFormats": {"hits": 24, "total": 818001, "max": 34191, "min": 33905, "avg": 34083.375, "deltas": [34000, 34191, 34190, 33905, 34095, 34000, 34095, 34000, 34191, 34095, 34095, 34191, 34095, 34095, 34095, 33905, 34191, 34095, 34096, 34190, 34095, 34000, 34000, 34096]}, "uxr_deserialize_OBJK_PARTICIPANT_Representation": {"hits": 7, "total": 78571, "max": 11238, "min": 11143, "avg": 11224.42857142857, "deltas": [11238, 11238, 11238, 11143, 11238, 11238, 11238]}, "uxr_serialize_TIMESTAMP_REPLY_Payload": {"hits": 0, "total": 0, "max": 0, "min": 0, "avg": 0, "deltas": []}, "rcl_service_init": {"hits": 1, "total": 284190, "max": 284190, "min": 284190, "avg": 284190, "deltas": [284190]}, "uxr_deserialize_AGENT_ActivityInfo": {"hits": 14, "total": 155047, "max": 11143, "min": 11047, "avg": 11074.785714285714, "deltas": [11047, 11048, 11143, 11048, 11048, 11047, 11143, 11047, 11048, 11047, 11143, 11047, 11143, 11048]}, "rcl_wait_set_resize": {"hits": 1, "total": 171333, "max": 171333, "min": 171333, "avg": 171333, "deltas": [171333]}, "uxr_serialize_OBJK_RepresentationBinAndXMLFormats": {"hits": 5, "total": 285524, "max": 57143, "min": 57047, "avg": 57104.8, "deltas": [57047, 57143, 57143, 57048, 57143]}, "uxr_deserialize_BinarySequence_t": {"hits": 10, "total": 572763, "max": 57524, "min": 57143, "avg": 57276.3, "deltas": [57143, 57239, 57238, 57334, 57333, 57238, 57428, 57143, 57524, 57143]}, "uxr_serialize_TransportLocatorSeq": {"hits": 1, "total": 10952, "max": 10952, "min": 10952, "avg": 10952, "deltas": [10952]}, "rcl_subscription_init": {"hits": 1, "total": 11333, "max": 11333, "min": 11333, "avg": 11333, "deltas": [11333]}, "uxr_serialize_ACKNACK_Payload": {"hits": 0, "total": 0, "max": 0, "min": 0, "avg": 0, "deltas": []}, "uxr_serialize_SampleDataSeq": {"hits": 5, "total": 4257334, "max": 853334, "min": 850476, "avg": 851466.8, "deltas": [853334, 850476, 851333, 851238, 850953]}, "rcl_ros_clock_init": {"hits": 9, "total": 1442857, "max": 262096, "min": 78952, "avg": 160317.44444444444, "deltas": [79047, 261714, 79143, 261619, 79143, 262000, 79143, 262096, 78952]}, "rcl_resolve_name": {"hits": 5, "total": 2324762, "max": 466952, "min": 464000, "avg": 464952.4, "deltas": [466952, 464000, 464762, 464571, 464477]}, "rcutils_string_map_init": {"hits": 1, "total": 102190, "max": 102190, "min": 102190, "avg": 102190, "deltas": [102190]}, "unlock_memory": {"hits": 1, "total": 78952, "max": 78952, "min": 78952, "avg": 78952, "deltas": [78952]}, "uxr_serialize_OBJK_Representation3Formats": {"hits": 3, "total": 102190, "max": 34095, "min": 34000, "avg": 34063.333333333336, "deltas": [34000, 34095, 34095]}, "__atomic_store_8": {"hits": 1, "total": 78952, "max": 78952, "min": 78952, "avg": 78952, "deltas": [78952]}, "__cleanup_context": {"hits": 0, "total": 0, "max": 0, "min": 0, "avg": 0, "deltas": []}, "rcl_steady_clock_init": {"hits": 6, "total": 215238, "max": 36000, "min": 35714, "avg": 35873, "deltas": [35810, 35904, 35905, 35905, 36000, 35714]}, "rcl_guard_condition_get_default_options": {"hits": 0, "total": 0, "max": 0, "min": 0, "avg": 0, "deltas": []}, "__udivmoddi4": {"hits": 14, "total": 816189, "max": 58381, "min": 58190, "avg": 58299.21428571428, "deltas": [58286, 58285, 58285, 58381, 58381, 58286, 58190, 58286, 58190, 58286, 58381, 58381, 58286, 58285]}, "uxr_init_session": {"hits": 14, "total": 191237, "max": 13715, "min": 13619, "avg": 13659.785714285714, "deltas": [13619, 13714, 13619, 13619, 13714, 13715, 13619, 13619, 13619, 13714, 13619, 13714, 13619, 13714]}, "ucdr_serialize_endian_double": {"hits": 0, "total": 0, "max": 0, "min": 0, "avg": 0, "deltas": []}, "ucdr_deserialize_int64_t": {"hits": 5, "total": 1420761, "max": 284476, "min": 283714, "avg": 284152.2, "deltas": [284000, 284095, 283714, 284476, 284476]}, "ucdr_deserialize_endian_bool": {"hits": 5, "total": 56191, "max": 11524, "min": 11143, "avg": 11238.2, "deltas": [11238, 11524, 11143, 11143, 11143]}, "ucdr_serialize_float": {"hits": 5, "total": 57333, "max": 11524, "min": 11428, "avg": 11466.6, "deltas": [11429, 11524, 11428, 11428, 11524]}, "ucdr_serialize_endian_float": {"hits": 0, "total": 0, "max": 0, "min": 0, "avg": 0, "deltas": []}, "uxr_serialize_WRITE_DATA_Payload_Data": {"hits": 5, "total": 2211239, "max": 444285, "min": 441334, "avg": 442247.8, "deltas": [444285, 441334, 441905, 441905, 441810]}, "rcutils_string_map_getn": {"hits": 5, "total": 967237, "max": 193619, "min": 193333, "avg": 193447.4, "deltas": [193333, 193428, 193523, 193334, 193619]}, "rcl_subscription_fini": {"hits": 5, "total": 55715, "max": 11238, "min": 11048, "avg": 11143, "deltas": [11143, 11143, 11143, 11048, 11238]}, "modifyreg16": {"hits": 1, "total": 11238, "max": 11238, "min": 11238, "avg": 11238, "deltas": [11238]}, "uxr_serialize_WRITE_DATA_Payload_SampleSeq": {"hits": 1, "total": 984000, "max": 984000, "min": 984000, "avg": 984000, "deltas": [984000]}, "exact_match_lookup": {"hits": 1, "total": 11238, "max": 11238, "min": 11238, "avg": 11238, "deltas": [11238]}, "rcl_clock_call_callbacks": {"hits": 1, "total": 261524, "max": 261524, "min": 261524, "avg": 261524, "deltas": [261524]}, "uxr_serialize_OBJK_DOMAIN_Representation": {"hits": 2, "total": 114381, "max": 57238, "min": 57143, "avg": 57190.5, "deltas": [57143, 57238]}, "rcutils_string_map_set_no_resize": {"hits": 1, "total": 194286, "max": 194286, "min": 194286, "avg": 194286, "deltas": [194286]}, "uxr_deserialize_OBJK_QOSPROFILE_Representation": {"hits": 2, "total": 114381, "max": 57334, "min": 57047, "avg": 57190.5,